{"file_hashes":[{"block_hashes":["9VFeCEd1Ppxui3xjeQB/MC3Y2uFdfQ5BbyCSdhNEqyc=","AZTI25BwZOjU4GUytiyn6n8Jphg5JDtuzqSEEvckNh8="],"block_size":4096,"path":"src/background.js"},{"block_hashes":["LfzT4oR3issyMO/SwIz+DOoEFKMvEFCn8kplC8m8+rE="],"block_size":4096,"path":"src/chat/BardSession.js"},{"block_hashes":["83P7b6qsBCMDq/FoUirFB+caRqH760cjHLGow+Ay+cU=","wK2/CkrSJiTu/7PjLkPGX4n7jjBEUI/wLXZt2pbF0jk="],"block_size":4096,"path":"src/chat/ChatSession.js"},{"block_hashes":["4tSnKRXYG3BDAidtoo8/rkJk9i02dAS1isiU6WBXmK4="],"block_size":4096,"path":"src/chat/init.js"},{"block_hashes":["oc3vjRzXUI9dRNCNvQL6uLtcQWDwyuM+1H/RgpZcxSw=","EzqNVvKqH4uLVYbYUP43jNstweS2wBo5hWAGRcbaSi0=","sb4SrsXvCV1AEQcIXYrqJRIGr5Zy+qzyUbB4hz1LdEs="],"block_size":4096,"path":"src/Context.js"},{"block_hashes":["wrcjc79YmgH7r+po6KpauXYQOa3Jy0sinnsCD9HAMYM=","6q3mp3STvWwD6feQ4np78vH00IdLHFpnOOPdde/DDyY="],"block_size":4096,"path":"src/engines.json"},{"block_hashes":["en5UjqV86ss7yzKalvUco5fSwZ7PKZO0cmGkyLAkMdU=","xV0P6aSTwRnQ8zKLsdOE4Qt7GJyxROxyoSUv4uBiRkQ=","LiIo7FxfpHg4E9zNCB3mNv/7NP19vmdyF9vnJo5ILCQ="],"block_size":4096,"path":"src/images/bard.png"},{"block_hashes":["+FR4PBIruJI15Iw2gVvTh7sRkaMzYL5PDDcqkUTLqKo=","WC3W+3zzOF03shrWFIyiIV/mXaFGUGoiEpM5ElfnQFs="],"block_size":4096,"path":"src/libs/drawdown.js"},{"block_hashes":["V9a7KNtTWu8GydIzVFIWeqXKs5ryqW06UYJq+KPymsY=","WJUfjJi8aXE2nn/eiWr4rrjjD3LN2BWTcuY6GVJv4Oc=","I0vLleSizJLnbK7iye1ZHHfqW8XnzHt+c6CpaEA+BsI=","bpveU/2BFwt4jPofZe++JbcKBBTSaFDMYNu6cIFXvrg=","Nq9jUFHk0TRJtyPzC9JtmSmOSz0+iAOzZR09FKboX1Y=","SSmYknsNfXkgG/qXSPThLstuHA6noJlPfPxjJpoGL8E=","q1AR6oOcbRufW2cfi0cE6+ApsGfAkT61PbOOuUYNo2o=","i9vp91jVo1gEqJjovsyKxBNntkJ4S5S7uaba+BAyGLI=","J4gw8Wqg1V73wXXDx5vEnkmW/sWOZJx9RRuDf+5uFU4=","jXEQWDuVQJWeFPdKp422jIo4db20rfstRhKXgMGzFc8=","TUVs24JiAEobDOqnI/gs9C3HEUXrs6KTrtYjC7QMlHk=","i72KMOtGAOlaS+5pNVTxal2y5yMLshSeNXO/B2aWA2M=","wzi11Yuy2/YcayY2Prdpl+tWAv+9FB7a6Lpu3bz4e2k=","PcbotWTMphFkPcs5FiFcQf0XvhlzLHfOA5UPBw0LABY=","scY9clmACXuXK7T4cR9rl0xoB6jvBuAVESE+6RxSw70=","OOPU11RWw/Qc5sjxYCdypRJ0pYroGeKKTX8D34O/prE=","jc6SwpLgbvA81KR4805bxI4SKoHOoWUHZkY9nT/vCmY=","FbPsIR21fDxAMyqnsWrmmXFJZd04K3QNvzYVyu6wIAU=","Lh3/SeuHb31Uefw1YgvyDl4cHYCEnYTuAjilH2t6KAM=","3lzXhVVvcAa1oTiTwKyvoS/nhjNCwn3f5i2meSnkGaQ=","EpBd23tVWsLnUcInvYLnzJ5cZ/aGAwKgjbSjGZYJv/c=","FNEEx/FXspvYfvY7deVDgm0Z8PIzTonvmofxEB6PnNA=","PxkgN2qPuTdnfwGDuwDhmh1+T0gZdds97NpAkfwwUgY=","Z2kXfL5U6NXOLYqkh13q+58ceeEQ7Fzmq8OWo1vAjmk=","3AtwzQMWDMvDOJcWnA47noqh7rBCA2VQNfu95r1D8vc=","z2VhWIMYp4fxnUrP1Vm70+Ct8brT9zPffVVSGuvmjG0=","Yme1g5nOTh0p7T0I/ITKQdYRhvVEMkiamvJny+/DXcA=","+5IVsunmZjdh1y16MEIxVQumT/yYwDbmn65NRe+wUMs=","xx1qp6P8gabdzDcBoUe7kqvEa1GW+yjLhsYIlfh+vVU=","Zlthvhdy0tvQ9myGTsJZrlDzXgV5grpHpy8z4Ui2mX0=","5u7Iy8x7akug18fqHB+QICkWazm4MOqitewMDr8PF14=","dbToiShTPf5KZmR3tjhqZcR1QhPdgQD4ASw5cw7iXIo=","SlQ6tX/p1vHuT0F4bG5jvA+iNhRv5wfPnLAmU18K+oE=","zFYh6wOW3Tg4SS0fQ4smHBYT7YQVWTP/lsfBMoCv+RY=","Mb9MPP8B/gdDC6TN85irwnHx6RLrCUv+wWJcZBX6ovY=","GFlsIvjDRzpamv2lhZjOZLwc+fiUtOHAK8Q7/0aKkAE=","a17UsEs1NkkAQYJ9yx3wEeA2Yludslg4LP9ew+bjbLg=","OKloSR7vYJ58XV66sAzjMkwBk6qSGUUfhG+G7jQdFq8=","gJjrADZzo+xH3SbTza0hUyUY4YMoPh6RbUTOjBlha5A=","n7y/QYSaEGcDJyvR25tS2eeM4ChXQQwIHgIMadqWtjI=","xMo+c+aTR6a/WNQk9dP1Ak0i0gdwpE0py4YAAtXT+rY=","LNnOhX2hB5VOxi5jnUCtxJajP+2RXyyPgTYztauCAd4=","fNXroxhS7A2/0LhJOip6NIMtFtOuPNxbfwmZwDgDy3o=","0JnzRASrtNuDHxBDufTyA4TaPVcYtHp46FlGrOBk4Mg=","RTZQg0PPshasEZlRQXavh27tqQLfoiNTqKRfYuk2icY=","zwJ/T11CrFkLf5gL0/rbgXNAuhKCagpDIV6EVWtoxb4=","kYETwrgfmL888fDPL2aOOuUdIFkykwaph+C+g3xfVb0=","9pcwx36l3f2trZiiae0m287Pqa/Hk8TzQYyZgc3kPtE=","Y/3zvSuo4FJ6wEd3qrfjTMFFjIB/KRPLZ6Yi2XC25uk=","qHtR14rh9ZfKGM5xozz6LOwkoelq9J4W6mhrFg7EY/4=","/rCvWO/HDilRpRRHSsIzge7aY2B+IB3JpQ1UKKpqlPU=","w5sIl7pzbbhXFnNr506m+JYhXDLsSXf9TBoI9d+uunU=","t1TVfyq8yLxCxUvDKIUp1Sq9CC+KPi2Ay/66v0sBnpQ=","ZjoDjrz26hhN86pNpczE3HEiysbI8Erpjj1shyJ6d/Q=","gJ+hHKVXcK3UATt1lQ3bljOVr0q9C2pJTKprrHb/l18=","r4CzgWScS4s3lgFBnX1zJD52ClHo2GHTSD4WvU4VNiY=","OizCtGJSl8LF4L0QWwlFpq1p0YHaQTDaSjH5sf2hAVU=","k/j/izR59Jce4wTkSo4LaJRmnuorjlsawLYNpAmbIfc=","Kz0I7P1mSlGNK9mdcFyIh/R1EJJVlixz7BKfhl9pmZc=","6B8RCp91bJC4vb5okM2wMJp+NIvXAXP63KrnnRw+STE=","+Rend/B4fT6v1sHiYk75sMqO4RYsu87BatjiVaz4E6k=","D9Ao3u7a+PC9Od3RtG5mDhJD5BdUMfTEhUd1wVetWwU=","g+0P8TLvLwUhj/QSUt4KftleELFlc2MxRix9XfylLVE=","OwflUiXfcJaP/xdzAyFA3Giz2/NhvQ3EnEugNN8yItk=","5pf/pGzAoZd5cnbuOiGgBEy3rKmjMZK6U2UeOfS4CqY=","/mtU4HC+6d9KnnPBYuCm3ffYUV3aNKEekrNgyNvL4LU=","46KLyj6E6KXU+NaBNI95d5IzXV9pmPoDgJ+OBVWqZQ0=","/lhV/OhmiqjERBsm3W1/ZU23JjWGdthVabJ41+OKddw=","CpHufC1MAiSv2z72dOD4HlFFA7F0OrQDCWZQausiPa8=","rWC/h29A+LiaYP8yYuzPHd1G3q2/oZWHJOVdk/3aJOw=","A8CD5zzcPJMs06NRhLtSw3tysF1dNgdpBOESPoz/YKg=","2QJMk3zh2F29Jiz3rF5OEi1lzPd7UAOAfglcby4y+9k=","1/5BWEDzAVFo+5t8blW4SZJyArBt+6ox5ZTdlZDUa2E=","exQFTxbAG3co2CwJN74JSuTKmfLxuz1gmiYhjTRkrgA=","UZxGYEYX5wYWJAVkvN/f3PoVnpS69EpXO8vOqI7FsNo=","/yImivanDw71w2hIw2iYDA4K0WdyFLiSCq8pmyUU1rI=","nhGLPry93QJ0Qy6uvhRe8SS0vTTAMyUPTTzLJgsDqmg=","2zRCJfVux4XqTpXgZcwObNF8NxUcj3LZnGZa57q7Vzg=","MuoHXZCmOMMOaQH+eQDCxtLYqjREo9vgXesY6iQLkEU=","sxAKvcR2PddcI/MhPk/+N/p1E6Z+EX/zchfu7Kdg8rY=","KUL7QDH0wC5s93GdTVdWbRAxAUMVxWf8bXWfcliY/R8=","i4tqnJtdJWGS11139tPpp+tUqUSc8miymECIjLgHZvk=","UrREIhgqnYHuaSI59OHyf03ZfZElDJGcRVmxtG5CNb0=","lHI/7Z3hJmXDx6S9gLMsLq/fHOXIDwP2x23GV1aBIqs=","CIo3RGNgtb+Dmy9WWdB/dko8X5rMTaHw9uLe7ycgXLo=","7BICYcaZcCWnAaI5/HMWU9Fo9ujexj696cqVz5ilEcM=","eJOXzbw1vs5HJLbDpNXEaQFIINwIYxhXmqqsIe7YWws=","vhHncCu5IkN8VWhwOTxpIVm9ECS575ebsBItq0VVo9k=","bHx8oKo5oH7SxClij01MhFKHgj4B6fbJpFiCJWzlIHo=","U75QDF7savQC0WRG+JvH+YhADsRzY84/8DxyuH3wZ1U=","lKzCQElZmU6uFXfd7NiLenJluI05/+Nj1CNtPu7vPCg=","zGGGFfTiGhEojPmhjek6sqCmNawE+x6hg4QkvHuPOao=","suZecMJ70JEB/TLNRT39WbRHkOFI3Rznwl3blOhT0lU=","sQTaHJvlpxz/xQT7tU0TJkJQo1hbo7BiZnRIn4IARY8=","UzhRov98tayph9j7ubofzx4cYx0aUg1A1yg+wLQyg0Y=","+q0yoxC/ksSIlLt/HNdleLUhALEu3yWhRbwjjC5pbUo=","i2hCvaaYFebZZakl8kZPIGAQSalioh5UEEBFZLpfpKg=","IV9ON0Z5vLJgr4sgf5TQspzEl1NsmJCLXo1Z+mMbV9A=","wnLWg2mvPH/3PjuwUd1SXVLKktvRXJZ2/gNJ5xuMY5g=","qZ1JI4TOMRqjkM8xyrAaukEPAKImnVc7GLaCgiX+f+k=","ubaH/PBsujFFrUXsm7iE34X7r+KqbvCQZ6LX9xgDq64=","aFDIaTNVrjggfuHzntZ0NZEngMAWhmEriYclr2EEXR8=","CdJZjeAzcFswmrhk0VcSxpc+JN1FJ4MxPHpB8XIxDhM=","rihKrHXo7M5010FlAmLQPJNTTPI8QLvZfqPkg6NLjkQ=","oQhdNu5uezwiJsjUdqfgU2lfjAIzB1eqA18TM/bcZBM=","aevBjAYviqo1j2UIeNuu5l3BUbPLHLr69SkNMt41wNQ=","Q6xprJfWReRKKzs11oq+6IU0bpD/tnHQpfgt26Q2OEA=","js+Uuip2Sfnp/nQ55aqyfLpIpzap0fgagBVsm6zId0g=","dDt92U0sg4+pQfSOfWz5YjOFAiv/9/CF9AFvNG3cga4=","Xuy4bLWeCVi1F6Tv97z1y/0YlrLE/fJ1Wi+jdufIp5U=","yRdFzvDXqipbNmmhdRq6S2ufQ6T/9JKKoB1tPgt67Dc=","Z+GPFgQKvKglGSGF9pkKL72zLGGXAqRVjTG9oNgFmRc=","FejIHWUl3pv9W+0IUcctdUe3XBQByMgJ1MeKbRAmMHU=","VDcbsEfZt5pRC5LSDz6gNdrFFPXs5yfEUjZZZOp+bGk=","q5jkNZQQJW0NN+cf0vFdXp4zRNlUV8YJo1e0e31kxlI=","gdnkp9cyr5fIP3zEpHhVOMHZyP3Lh7rxBVcMFv7yogs=","EVbxJcr3mAQGFt74atk9bfHjyYQvOUbAtFts6mk77dc=","dx1LKdIfkodPcww/kIWvVFnT4FNg4HpWuknZWmtFbgs=","DGT6cecwQZ/tTx9tUTnfE60GpPtZwpVIODES5HWju5k=","eXVwlobjt33XXILjo4CMJV3BeyvU7rtq6pdKF41KWJ4=","s9sFWOJfI0ceYPA4J0mXj6jtkL78E0n7v6BP/O7E/xg=","u4Rdee96FAPDi0EDN+7m5ED9U74gth6w/5a/PUfcj48=","lO3EOTIICJj9cMznEUeetauFR07WZADlVXvH8146aw4=","75YoTUza9+jcj0xPCjlRAw8Jf5RjQgH7wps035d3SQA=","YUTGdU1EuABwvpn6KfkOd4hIFy4/s35KagPAwUs2JOs=","3acCFIy2caI/f1nyVM9+AMjJUuaujpNRwnVFfSa6B5g=","prySMoWkpzaiJ7i9tjIb3NrdKMtM/0uztlsL9HG8Epc=","Lx+HYOuKfcLzxeBAmzDg66iEX2sR4a/5/Ry29QWbYyU=","v7pn6Z8XoOWdfbA6NyJ0ItKAMF0x5mj9HG5S3CHMfwE=","yyoJjKGP2Yr5sbzeOBuI0FXY084A77zkfKHpoij/Wr4=","JWvHRc5QlABAo3VwmJETdh3JSfc5fB8UtjC859EGALU=","HPfbdwUwftEtEBmzcby8MDW8HqI/rWL9JhF0uD6IprA=","rHXH5YTHFEsSWt6VUda6dlOycvEXdFO/QQ0LyY9osSk=","57LrD5nkI9UeTNDzsdcCX2rpQLFhU/+ItwsNNQd6RK8=","fj8qrpSuVrACmuO++wGcb/uZEX1pvfT1m3Omwn+4qRM=","rnKYpjEhwwOYEfDgmlaIOByIGlWopOLfLn0o459pmCY=","2CvxZTPyQWdn4QWMxIs9hSIpWHXY3eQpIo1/2AYx9Do=","N2w7UopKd3aw0BfXVznHJUhNn4TwNzkbrbv6Q0ceLNI=","AIML2TQ/c/LPUx+PbhegZfUN2Ta6j+1aQ2nwr/zbow0="],"block_size":4096,"path":"src/libs/math.min.js"},{"block_hashes":["awn3M5j0TNW/7idITU3Bv7kTRRNCf1FCz5WIl7tmO7k=","Z4dJ1LYVg74sS8K9stFu1N/kIt6r0Sf/6lcFolBC3AA=","b6T032yb+G62Q/i5SHy9PZu/MDeFYwORKebWJClyEnU=","EUo/DuO5bUfOeTZMmQlIO+P22IZ37WppCfAsEHg3H4Q=","3qlZYK663qhwdCT0zha/p/8chvOFtLZOGwltyfzBoUg="],"block_size":4096,"path":"src/libs/run_prettify.js"},{"block_hashes":["sDaj7NNA7mHygiYnUR81YUsMnHinc22thV8zm3g8G/Q=","3/b1M7Wb0QGXDtUJadKRGjRLwZWbAhm+ZDyyZYtiKWc=","zQDGqWt4OO+OVOGpeM1KGe4CPBkT+fkxMtiFwaLlLhg=","jHghDu1eX8qbIKhqlIo7jyqZ/XUdhhUio8oflDO3lTM=","r70dD7Z+nNQ8/1jY6r3bx/ujk3fxQEbGR84eNIvEX84=","9GLxhCkGmj1uF4ZUlbIY+ddlJTZKiOlVTrMXKYiW10c=","nP/b8oFJ1VRGLdoOHwG6y7bl58HNd7lA0o7agx4bWIk=","BZ81s9Us/Yojb7O6uk98KsPn0tblZhCxhL528CriYkQ=","6D5tr2pXzfgRHwD1jlFB8OywAGQ8dI8ltPTp7FS3U0I=","ltfZeBdhuUelaDTbdKqgW8SSMGDQDcD6UsqO2PFdMZI=","PpgdUWT3w+PW1YqccXEUDUO8mHPEjQhdLcoWW8hJU8o=","B+lb/6b/iFFv8WGBl6olkiOes3iOQo6rX7w7PJPBRFk=","wZc8zzXakKRBhnamooPqZZqP9xR0cJr0gOrdPrryD94=","dnFMGNjgcDivCZtk37i/D5huRsM2z81gMuDYSQ3Jh0g=","244Isy/Tu64RqnFdh+Mjz7EPoL/TOHXg4Gk+s2QWhvQ=","4umGItL1Q3krioseB9Fs16xWVPf3hnDH1864e5v1MlU=","/gFftLjIM5PeGwenztUP0YdoKHuK8yVt8jfwHXsRbmY=","B7AJkEztk9jdK78rIUtUB/pQ6nlS3tdlAjloMYxmtKY=","iZyIucAe/O34SmMI7WlKXBnx0UOuQTiQqBcaWinn1bo=","bcxgRZL8z/IIkibd8gfmuaBFXj0rq6I06rH698Qs9vM=","qXDFOYD8NFxk06ZXNjL0DbIwdvrFlKCRDlquJNE6XHE=","Uv005lQCSzXPLR9w+4/cS0AS413rGlGYYxpXoNaAQps=","wKmf1AWrl8ycd0ff6z09iLtMzNYu4hHof/2VrxXps1E=","wzOLZIhrZPubjDsE8oN/RSoN6rGKuQgDL8nMznX7NIc=","pJLjhsCF7t/TR6O9gdJdvg3x05nIC7kS779v+Tfvj08=","Hws0t+xHqXc+S4xA5F0OSIfGcsM95/ksFboJTiwnSps=","EgPTYiXeuuUJNyoyxLzBvnMHj1WQnGE3qZbXFHuccGM=","cpVLWuYJdADRBT0sL8ANxWXidVephxwlXE9b6lSNM48=","7FqYOfRim3ESF+jEYwO6FgyOtfnHLEtWlQe3MAh6k9k=","FcVt/SDO3GbBLso/fruoqdEVppP58OoanIH5p96maoI=","GBgLon7eGXzFJ4dGnsAfdNaFYQtvkWqTHBwGQNgLTZE=","W6U/ZvfhXCVtkpmg4XNrrG1YXa+a6iQQ4Akffsl+CSM=","udPyBjHmAwqB/HVlv9bXDnPS/AsKIG0V3/x2mHQPR1M=","znn3tx/W2Pu7K/Dk73Pk4uQk7kWrRs87JTwURQimxzA=","8iV+NT+2HWPz5rsB1uL7mjmE7VJ+pIdmNt6Ei5RP8Uk=","958C/zMhzyM8EHinh8GefpKU6Ib8JvXRlT/RII90SPE=","Xgx5wnXHqk5sEdNbKgkPbBUSglLzP95cdM7kteTwOMs=","3jcUXZb0+0VrRyEKTOi9ic9ALYldRm/sMpQQkVTQfx0=","HANi53U+hkvhp7j4iozPD38HoQ6T17lxEbr6IwZhNEQ=","NNmJaOD/KdZSa7DMXBwr2iaq12Mv7+3Vj8i5o2JpD7Y=","ueU7jMo1Rd1WEWdoHmHWEjPcOwfG2wF6uIxsPE2lAh4=","pFJ3d0QPewdY3KBlcl8K8dVNCDznk5jrn7QDdRcP9wM=","dukuEyhZcBbXWv0VUZrinWTi0JwXFYUHPRLwmL1DExA=","y1wxvMBL8nb/nNxvlJNThRPPxFa+7zNXpGlGUnVWco0=","MEN6QV6p6zfYWvrls40GQJAZLNUX8ZqASIoLkcH3SXY=","yD3ykQKo4qjSoVBd6ipmL6QtYhoRKHgVyrmxw8frhW8=","Byp5oRcw/i9quKKs1kW5WeXZvXxAZZBq7yuB3ZfRDtc=","ht3YHvKIPzrYSBe/+RdsLFhtK2b52Ega5pmILcaW7F0=","BWjcANxSIiKayuUBamrZvpIbZab/YVQpckeyWha4DMk=","SMMIwp2b44gU4b5DyaopJcQR9RKT4LNXo01I9Gj/u7A=","34PFa7Bx3xX3QCEYWkOt0kLzahvIxf1/6ZaMxTboMDM=","cBGXE31DAifIbC3j4I1HdfnQOS/Z5H6e6xn1Z9dnD7o=","TOmXVgjaU23WAeFBOIOkmZt84tNPQVLePTunQvh9MeM=","SiGC9lENcFf2MkOUOSq7KioTBzJeduEcxUogms3jBtg=","AXb6IZq8BuiDtP5hpPSiTC5MO7n14cRL0XNTZRvIJuY=","NuTsHxxAGKEMb611c+rIMJHxPXESinbtsl+ak3ySuEI=","fjbvMm56LAzJdTGbXn2z5fmsCp/SPOmN+VtbvBVCiDw=","pWOZrYALanMe3EmIt7WYnp+isZVNz1KIJE0644RRCi4=","a6k31p5osSe1m9v3beAFBQ8NBgoZr3V9lFQkuvJLA6Q=","WSdzGxZaG7mdy2/Wrv/L6fCluvG2TUeG9N6uDUTwAiU=","QUpS/yO/8H7OJFi1lc/23en905JlTjSyaIJg7p2/0LU=","xQph/YoP9Gpozv1rqg9vY9+XjW4bgfkgBKX443IsYZE=","AcRxSKKIBdZGRCsf+ScllcnwcSdX+dlYYwOyt0VbFJE=","HT33d22QUX/5GhlgpBMLwBk29JyH3kygpho0fWoM+PY=","TDrHKldNqsCqaVQb7Dm7iFuoTkYBH9gLMKTsHhYj3Ng=","wdgtVOhM5wwd0JfwbhY60THB2aV7wDT96X6PsCTlFW4=","vDtEs5MLpGO+A1yLHL1d8B7GdRr4EN/xROYzSKVdTDM=","5otIAOunBmPQyvHqC/UXUMkLVGprKg2yQWoCUxdZKZE=","0HxJq8CihuaYBDFBdXgrWDgpgaPzyYEl3cW7v6SxTLs=","k7wFQ0kxpYa5EC5NpDg+pUmPGpA5gQ4xG5YwXYkGitE=","CMsR7/2wCF1NuNZAMEVSEhbHglE+gBMIizUiydZzuEQ=","ocnt85+IeBNaBAZilSkPLew755skZa5L29rJ+l91zRQ=","XTB6XMsgwnr1mMQrrDTHdHgTbTcOLin+9nl/1VrYJ8w=","SrzzC0auOg3OO1d4/T/7MpPSqI9UP/4estk5XvCSfO4=","pbF1Zh07IBUsHROmhDai0Hp953s94HBXANnveIlTnC4=","UeSGZp1lhu0LVb9Ov+RoGy7IffQnpe9tmqZdHCFxEJ0=","RQ4XFF38BfGAxH8y6pTAF4kVibeAna28a6zOAYWEAh8=","fcnLTOguu6HiA4E8sAqBdcT9kvfdocqDNatfb1JNX1U=","rfcpSiS9Z1v1xudic0WJ3/DwkaiSc5M5QETgBdd7cMA=","qdhdVGBCUYDtu88Mm1SSd1ldF1DANuwrjsOhHJfbz5M=","9WEaF3EMK6qz/gg48HXRkOwVaLKFym3QOLqTBF+GTM0=","3slYrv7x7Cwz3w3ERO8tYtrxFoArO0EUuInYsMoXXws=","TiFeDRiiNNHI3w+0VRaYyOVQ0b/tO1Dpczu73MRV+NM=","4QRn6FotwpYSJAgAE2Sx4PJK5p1ISidRR9uempZrHcU=","J2roqDoJN48lnQEeasvMLCaoHaOkCUO/yUM2V9/TH8I=","32HadpfDqwVdtWXC8/QM3PzviQcqkiqkOnglFUqGYYM=","ogH+IKO9rmUnGcqMSnR2sXEYwBZq6tPozU16azn+Fdo=","hbngw16gYOH5iQG6ws8iboQr6zJzEcVhxQMcYSzMzZo=","Gpe02BRoVh8wWqQh+LAOX8FqcVttFirkC6B+77lxt6M=","EkFH+DZWKa6xVy+9r5+66Q/BMbdKvYV/m22K1l+Ukz8=","9h6dA9ZaiLrJWr8xzlCn3UB59YZ4TZiFaGRnVbz0TLg=","WeneIEL1yiWsTfI/T5yAj5ONLoR0WTUDKrMK4kXOYfM=","Lo0Xd27ASMJw+uO/e7rvlzYgMoOJ1ayfm1LZZfOnAmY=","iinOOg2evRnS1i0O4pftgbDAZ1AO7mMN/8vkOU0G264=","vNg53I2aXUTi6LcWbqEYNYGHcjBPd/EtdxgH1jnXquQ=","21n5fyb++/45KpMzdXf0Adkt03umdCW8RzF8l0F8BS0=","2OMCpxewh4GGx8DzqFyHxiTqvyD+Vl7d3KucJlxIsxY=","N2UURPi2WA4wVrrmWileb1VABh32bC0Anr4KR/bNT8k=","Zn4RO7C4a/xUHmiHVJG8WtMU8QFaGkvR/SAqGOlcBDs=","QCYfL8vVzgNp8fTCBVNMfT6aP55sL9bQZR5N1eubkRg=","XtgmMt+GXBbjUYDXLWmxukAlCsIk2X32tTpXLv9cyFI=","kdapXkdIVEK+xQqeh5xR8CLoA6jXmL9Diw8SDCBHoBE=","q0N1EodKQc55OylKNk0CIHeij2Ibq2UO3jCVj6d6S/Y=","hjXPelXnRLv5j0oEdzKxO8p1kyAyuB5rIysNbwaTpz0=","AjR6igaKpSVk9jXEMwR+lwz46GJTpZGMzaaMlDBa+ZY=","AfcdFhtKiy/3aJ21yvEvWukHNjS/KJBtGNxcs1+daKg=","8eSrj2Cq32HQ7DgQhNwGOPH0WxhggGGIOfnWDFm1EkE=","e0Ay1LUI14t33n0zICH5mHQXVu/E01szzQ4xSzB7KHk=","y1Dm4/2nFaZZT/0LHcInDkaM0jlrGS8V0Vtbw9jO4MY=","B50ot/ToftSkX7wD/yDBmrhpysb4f6ncP2GJ7uWKGT8=","1gmd5gA0vJD6DQeNBZbUhBKcoYCKy1CvwLwpbARiCZ8=","MxeIZDgliFwgfqrd+E949104QSlNGaWPs96mytavKiI=","h43cH0nFTP5eLfPdEROxupc3nXfZAxPtOQd7kgYGyMA=","OsDfNKt5jCqm11X5ASQ4M8r6VbLjZmdJ30ih6TFkILM=","YCsDm8VmwXV54bKp3bt+ZupN4q8EnJWZNF8AvRK8jPs=","UfOHw+JlWZ1PO0M7qS3lhg9fPBEpk1ozU67eNcL2o5w=","161kvXoZ5ygddqXv8TCnq+JPcbNdZ6F+P/Itk2J2cJk=","GeosytejSc25m2J5224VKUYPl7x8pyTWpaLBCQTr234=","R2CiyaWEcGyt8IvqOYncBcE85mzDeMzm84NlA6M5jzA=","nhcNs6l24CBDddXZZeWIDeARrWYPMHQ/kaS7gjgvZnQ=","UtNAQ7sbxLZuyWxZQ0TNjqB4/4QOnO19b/kMrnbJax4=","DvavsJJjbgaxtI14upKr+On2BLZPWjOGg48q1rCJVHQ=","1CKEJXROD+HdAcFiXKc8oG7C1om+qxyYddvZpclJOn8=","BNaDyIg2llPP1At4gO9Yem+/tKrTPQf5HR1OIyU+VEI=","OBXqUhtu7UiCUT9IzwVnFpu6vGMdfE5ikjcNAcaEyPo=","qX6X5fCQb8wigvcVEq1PIIi+l3sVcdWujOUQ4ulIOnI=","T95yG6ATY90JyxRhA0rNLbBxMmN6Z8/NiKjd1PmjOXY=","qI+ukaskG8umsR4/VJPqj1yX+u0K+18kp7nMHtk1REs=","vvOVvmRbrwsMsWVWVdKxE8Ldj030gLVpzDK9q3F7Iww=","tyLEFTXyd/IcDJ4j8rZ8GSqmyX41JYOHgd4/xTj1LwI=","/MDXkBQGSgqxfr3l1ycJaDe5kr+a9HMbJ4KS+PYVW4w=","zQ/fn2xrIAJhH4QA8Nwnn+FSyHotiGVpQ/oq2QdKkM4=","NLVlNAVaAua89X22pmlrpN621uvyJ14Nam32yEJXMEQ=","QsXqpUQ+5S+GysCOMpHDiVzticuuFp1wlOE2/wsvJR0=","SAB5Rh+KiI++kiwjJTMpKCYxLXIsBh+pLK8jvZn2TrI=","kxkZlqHJ1kB54eGhRJstrGhIYc/EupGz9edbAxWRxv0=","3rn15VkleCE+y75yxR4MfbdGcgeYm4uqTW9JWckyHas=","eXfe7oGVZBGynR3zh1SAPhyjQJHfr9zFazJtSiDBBBI=","wcU7oFGmPuOoUvkes8QL0sAvBZtZCLv4UKDkDAvubgQ=","DO5UJR6bB+OL0Glet/7LivaOV4OCrEVy98yaF/ai584=","+zQ3sdL/QUCOENKl1d0kRn8DsHsouV/Cxdjdh4+/v90=","RtwkH/bl8gwMlPAvmfhrTgL/s56uBycLf6txbPOVDcQ=","HJ6LIrh2e3Ng6Kt5nDKCGnCqmAiccoRWdV9H6yBlI/A=","5VJG2T/4jYXizrLpCCFFQqCAyrJ0Yw2Wx0YcLs/tJmI=","4ct3JWxE6Riyx2ss6GZ3lVsaXqz68GO8pKv8U2rDEkQ=","FqVKBWTHyxom0n5ieJn6oeY8JA2sIoOAfDGRNVtjIeA=","ITZ8J84e7VewQhtYiyIxMvJgGwadrQBcFRDT66WBsMA=","R6T73mpfGcSeCAIQtBlupAsRsH7EPd2XUm05eQzGNgs=","/bE/6wJORMd30jKh2X2SJmcxcxBlpIxuIwgMMe0d8hU=","dXquCF/CRtnPME/mjai1pLKwVct/HubC0m8ULTUOlvA=","MhUPAK8vy301mCYhnjAItvfBncVX+r46vJsW1ri/iAY=","VMcQuGT0uf7rZk5SzlvSh8xMy8rcaajdMrwGrPECFYk=","FR7/WN6/YCoJdz5LyakcCINPwB2MHUU/lUfVPOwlFA4=","n7/q2DxQtnT97Xzbn2WGzEqUw0Oizh7trUog5iNn1Zw=","DDeA8im30ih0jwfXbe5+VlaclP6h24pBKfKuMurQ2Xk=","UK6XfOQt2FlY3thoM5WItaTI9NHG5TbiFSRWEO5wJWg=","l7BFeUVNgjABDlwutxuRoSzrPW06JUFr8E7XU7ny4sE=","qmysLFUjbUujrAT+gYY353qm+j7NWYx7Oel3KYr/RP8=","trvD+7GpnWJ8Y03R6nrkfKhDRqIf1P0g2iIbAIRzjSo=","aUkaYsPSBDyRnGftMcANwesAqpde8ZSvn1yanLxT3Fk=","ZyUatLYoLPOwPaayr12mYRd4G5twlMDVGtgaGvzpNMY=","oltkHG4qgIniWTEJ7F3jwP/R+fv+Rgu6pTXZDPJodpY=","PuVIyRdeYLHY+kZ/x4UiKg76s830rv12Wkgx86QZHyc=","Npk/4DL5iTdU2byXv/2O9eZRok0ogFawBzeRLrBVyNE=","ZKvV3eBB+YyrrbzWQLS6e+btu2PVn010m6kxRCRFan0=","t+TjUCwOqZ8Kz2Esf6j4Zq4CWieKPmEb83odScaeErY=","0swE5rpD2DFQaR89kN4MSKVdLXx4O8sxiL7EaSM1RpY=","4I+dlo/wNcrThkK/OggOFcUnkX79XDnpt7O99viQD+o=","enR9s8cvsGWJNAvLFNhmysqEC117m6k6AZg52sP9LP4=","Obuya+TonARy33zVC47tmErqvWsgGRlcYJY5iT1VnsE=","Q/Tp8xlZ+APk2bo7WW5OtRWB7FHXpFXnso/76ciHkmI=","sjIeHLeDMM/7FP8lTDwU16mie2zzeyxbyzIWn5Gd/E4=","N9h9ASAMYtDyStE4wOzEhKhl8Gb6n0/rVE5wwmDFAdI=","AINnuo14ZmGOd83m3qI/9S9rwHxaJlBBW2XOQtln37M=","nSzdO/BPnxgPoUo0Z1lpCSY9H6KH9kBxDc/ND3YRSLk=","hSZ576mGpD7MqvXk02Y8HbJOoc+UgEaV3F/AcxB71X0=","hKyK2q+Or++L8+PGBIaW0afgorlmV+H5m423zxCPnLc=","/8IaaRHGwf6alRJRqW4Gu3lYxNNJ6XnEGBBPPWcf1RE=","sCQxigTilv4hu6sEkgyb5Ur/S1RBuCa9AWesSsI2WHU=","XAxFA3bv96MZGXmtynSIMX7mf8neancSzBhW4OgQDaQ=","XGf79BUx9PMgIXGblc5en71/p4W0rE3AxabdbPQ3/ek=","s14YJw/2/L/4qgDKp0XD79C9kOEGceMc8BfispwITWg=","38epCJArGb3d0MlTS/+MEnkA4ot4a/5daWjTjh72FvM=","UdGqPZX7/vfeBHdWveRZBc8T207KAJmH1Mv4TtXEVCo=","0xi7K8jBxIvWOY6GdWyHCUjWKm+z5rgk7q5pNDU8/NU=","1nlrrI6LRy701DdwiOkrM2gqTZCqnSMQXDz3K9yi/ME=","C/KESlm6WcCZEhXKBICQ/kc8V7TTkxFIwdNpwi/felE=","EUQiFL2R8a1aptXNyGLYTD+kEBhzMGlhdiqBdle8MHI=","b9X1/sIQ+i4S8QkwTR6CAOYldiKX9BcvJA1fLKQN2Uk=","7xfZDklwQ65ZMY1I8Fdc70N3h3o13iKhsWrSO1t9eKs=","Y2KXmWN9uKVws5L7qNXTUgk7vrXgx8oZe8hdPO8f/i8=","9T+BEeuSgqqj8a4iMz2Lp92/IUEQthLuM3YSniDCH5Q=","RkpPeibBHULEtyb0c5EdGBOdI9w4nql6n2t1hZXZZxQ=","nAWlZe7s+yIkE5qzJBkgLVUAUdl+DeldkaG8JKq59Gc=","3GkJuASb4pW1eD166LwHYdbGBor7+KF6r/jz/+uQ72g=","U0OJKWakvXKjfaNHvV6y9tl5blYHIGlkq3QfP+VZuZY=","2RNAIAwBhm64S0XtPcLT5dpfXi7p9Gy8Vun5ND5pIkg=","TbFrJXC6d0AIJbMW709TZ6zGlNJRwxmIhBtUmCV24GQ=","u1Ns3+1p18MM/u9SnFOG4DLInFvCzORRm+qZs1KtCdo=","5ZPTT+Z7ghX5jFozKQU3gufez1NFL6RSWygc0UADpaQ=","Lo8dJc7RXUFzUYBzLuNpoaKzH3RgVpO5FcmpWGCkqCs=","/IrZjcDFrVY4tlY0DTJMOHhD+tfqZNjPAXOexTP5DYE=","tBScHyPrgUFyHVOygqF1ctu9I0s7UMBb4L92k2ApnC4=","E0n4Y6cx0h9nZ0gU9wdqMgZwmsADam7RTAeHcB7g3JA=","NSuoUjOyJbKmmC84JjzDN9Gnj4bOd0sThxHq4UiF6lQ=","lpcj5Xl1WunYss1JoJaoIROgsxLB5uVCjSumViR0IXA=","+fJ9vClr7aYxXhek/NcDU3z2Z1K+53l0kcqsJ9ERN1I=","JiDVcqfPZmPLkfdQlberJ8Z9Q19/8bKGJzXEUxKX5Yk=","EzfbUEj0/zntdRqZZgVLc2T1uztFVwAfjWBxSRz71cY=","UQwlIPHjl0IWs2GZgkM/39jbZWryU/4q96Nc5M3VcpE=","gdVpoo1JlizmxM8aJUaamL8+ZAaHtgHUo7XgsbmKd2Y=","yg99gVWDCrtdcPeW2t9E/75zeE0wXGX04w+MeGM8TY0=","TEbUkZlKvd5lSJ3vOv7cVapZCH2uw2eRH/JVJNk27J0=","EL8rPEjDRzABqpgnJDlQBU0LzivhhOixm+iW3NstIas=","9b7N8QkeQqRNQtDxSEaha/Est0L8siqcWmbIFivvHUI=","dTyP7czDWC3rUZG+IshQ7AcmfpGw+Ju4q5m5GthJg+s=","H6TfmYtObkuLRJVATtKg57C0Ls1hdANujgK4jkcaOQ0=","5u2U5OJT51FroshA/8dVpWiqZwvlHb70dcP0bAJdtEQ=","Wj92MguizEb7n8gdQV8Dek5KwHAC7QJpCwL7sGC+B+I=","qdlSqg6vle8mSaFvH/wmDAi5QKglsO2HgVDrznQE5h4=","InBPFFB6ePBZojtrzUMfTGgKs1ZBEpkWKEkITgwO5MM=","2t7dy3aNRFFbkRI82NE+DZ6WCzRPtppHERK3BqT5ReU=","E8EztVrXKIHpvJOeY4f7Zyc9GjdsqYWx3pGqodcSeBg=","k/LbVqloCW2jax9VcHllRg//pe3/9IaMFykB90kBMQ4=","6KM59zdgYMcxuCIBwGMlcSmdK1hsTF/HcmrPJC0x18E=","pEYKItolu/xFzdjSpxxYFYJFVQ7lu5FLPSlF0I7S90w=","OxTPhWYafxa5qf616qHxYf9Ed1zYvASczwDzVYxRRSo=","J/8n3xlTiIBPMqQqXaRV62EVzIfDI+R/dvwEZnZ4jDQ=","b98cLy7SUK7qQncl7QNws+/V3xRo6pL98mbjUfD3BrY=","q/rKRhrFs35g+DmCXiFIpL0TGDaPegf5KPZaLRZZ8Xk=","+kyhvRuC9OPbbmqaW0vPLj6Y1zKE6QSjXUQBTOD+3ws=","LqgfxRPpwcsoOAgf5+W3P0NJYhpWEQsLxk1K1I/XoEc=","V5wdH0v5SmQBkYJSjAj3nvZvXmER/g1PCcgWmRRVbuE=","vFV7d050B2PnUwyBSRnTUAgBwbO2kBm/CP9HKFFcNKs=","rFUVRPP/ZlCRNJr0u5s04aFJPSu5INHzNFCbtg2LILQ=","jYKvSsuqy58/StuV1fQCzzNLlkLaQhOYDg1df/FRs8g=","kWz+ovway72wCW6KTTA/M9X1zxsdIjf/bjV0IqadCME=","eFc0LbeCgEE8VlcPtUCWN+OYOQYrF34K4BRi0Jjf5rc=","ND5kdOT7Ro6hBgEjdoplCEtVF+wGS7M9mkgP6TYwwBg=","YCJFk6H4FHWFNmq3KrOuJQFQXzBWBg51JErSmZwUpoQ=","LLBuJi5EwA8t2QS7AyXmNV0UnFkPEeetEQQRmCPh4zU=","/NODAywmIenR85uPTyT1a+qakX3gcEl6leN11zK3wBQ=","rxSrFF2XS6o39cD3jwpPESkPrGcO/WdXdJCmtVgE1/M=","jUwinPUB4lR46+5h2uN2b9CHIcpPpFW3nVXNw0K4c8Y=","ku1HSYsvSmfmE+A4bWwPwnwLm8qRGen2Z7gaF8SVHNY=","iLEeMI8NQ4hLUFuCDeNWOhPgTFM65mH9DgwrCi9UXvg=","ImHr6CaQaQJCJ/7sknda2osKIQjEiOCkHdmd7Xxogd0=","pwmH5a8rQb1k7LI8XGKkEZV6uOTMbd/kcqNWhja5f4c=","D6c/8LScUfojGx6qhej/jr/6aiRek/3XDUjECpPzpSI=","M8Ed9gV2W0wv0bodg4yYHNg93D8bTSROBX/e7aAZg6k=","KotHvniyeCaVXxdqtiRDySw+FrFrRhzFdPycFrflzXQ=","GqfZmv5gCd5DbSP7/LEvqd+w6uU+25G/jA+GtGZuq6Y=","Fao1aLnW+cCvtINJ/LdI8kkI9uCssibM4GFZitQSKpA=","wTV8iGmOSO3eOWmbXTbLGlzaEL52jzT+WT3a1IpSfyM=","nye2cIeQSKHdmzeU+fZDlywyk80THSSmdpdlrZDVU7w=","eo0fkAr9SzFEWdwnU19G8xzUpeRNbN1zpNk2ay+oNWA=","nPrfVdExChj98kDZsq49ehv8Q19Zq4jDNFMfeNyLmOg=","neEyn/tBGlkd2sPLqIZ5Eaus8PRJ2xLBfE6t17BVjvU=","50CiMG4z/79o9bxI1MPsquDpwxATFINwiZ7AygBprlU=","UXqoLBe2eP9/C3ng76yHjYsbfTNDvh9seDKj8yW9qF4=","xjPtHQjTGMRXxM4UKuOS5A0Zmw+aGrCNRmcQT9WgxPY=","IrUGSZhdPApyp8MZbB8B+EY7eq+UNgJPyjfG/mVwgFY=","6GfdmvsK1dtB2e0He41ET6D5wcJ2zdPOoyq/H3i8c8o=","9MXWr3M+88cZ9oG1WXJk348AkyvKkSO3ablATOxVgT4=","lx1QwHIxxeQD4AfbDGR8oumR+liuEGjU6YQp1Z4fYrQ=","nJ9L8DpuwkwtG+0iQGQki+W5FR/1+t2A8iuVVmycZAo=","mGH7Mes+VY/x1vC6QraE11efWCwkqm3V1+Zci3IbHss=","YjgVWbTsL6zMOMDsPcMArllyIxsY60LQk/PnaLckxVg=","uM41nZs/ODyprmOVwH5h4o/9/cEH1uIaC72Elx8VyoY=","w1yIWHN1iQkVkdVESeHWrzEnpwrZkHm7BgA7kSSWvoE=","aXpIt8nxKfcKUIFLWI5+vGsE5N7E0v4lvN8M89jGr+c=","boiyMJdebowhqvvgsPykvw4L3YtQeGTGYgN9BC793Hc=","gbD0a/eSVfxYmrOXZflRfKLULqPk7Ekufbt2v+1/Mqs=","pWJbRlGw8e17ZpzDfS9iCZ2S6KyZEOyfFSFYCNTGweE=","Ydh8M2nXH/ZRvPAaCvFn8rALYwLCQlNRx6KtsDyyt2I=","DU9WUj4IZap5a2JfuFnrtLYgmsgvs/NQoVb3wbu/EP8=","nuzE13FkY9tb525VG+EiJo3xC/RwP7RPo/nKiv3RG9c=","DjeLBtX4STuAJpgiOIyJ2TjQLOSt8pcN5uRj06cLtuA=","f4KX9j79Jdr6802gHYzk2c8kzrWObl8znnLhXxw/F0Q=","JxOxa/F1CfYvxshp+sb509pyif1prYUNB0S76KB8lJI=","8T+Yw1apftnYFjEyhJeOcWrVjOWdAgF9uaXQycD5jaM=","m4V4JWj4tGLG5D/dN/y7J1g/c7VlH61lFyoXz5/q0aY=","mHwRuhquq1AWR6lNhOfDnspq6MkljJOAuuxDr0YUNR0=","RMyfS/7s+n9C4z7yI29zqFV7lgEE4xVc0dj9DyGFDkQ=","ACu/xzKieC0ykeFHLI2uovDvu5TajcHrZzhj4HU+QVg=","akoZ+OuLe223eK4VQa6VZr4m/vL6YDqSIq1xuZlY+jU=","z0avYl1pd+DrfHrUn0nMvboo1vtDPQbwwa+n7bGS+bw=","hUH89XiCHcghexOlnIzMRJwYmvOpcjvC09YTq2KfGeo=","t4DW44Y9CEfl9G06yI9TUxabnN2GbrtGkbVTtvRyTJo=","MMQ0B1RTZ6Smo6zjyRRMrWc873pq1G48sZXKhrTWI04=","yFq3LKFs/Pe3ocQxkP7zevQBubBcihnM7yvlUTILwo8=","/q2vefxxJyXs6fg+FnFbiPI4k2RnyaucrG1I+tdlrYE=","2bKm3q3CyjFRKeQ6dwBq/GFFCnVuG4O7UX648w9FtQc=","gs55aqfVapuqEKE5qrwwtm2WCC5UaOFl0664G2Su2Gs=","VXqx8TpHplmHTvNcsn8oi0rhdy95fChq03tAZIXABuk=","NRpBy+3T8In9jjk0piqnT9OmsUPSDKIRvQ2aV/RbRb4=","Xn1MvJvqUNPaEe5bUSIhaxJ4wLr5yoorxRWQi2WkmF4=","yuqcXDRUYXlA94AYdqKu45U2a1xJu3siz3GaktMqB80=","l+z8IXGHot19tESNiN3F5kClJXSybCGp21gpTolhkic=","CgeIxR9bNiQJrjFvEEF4hKshAKX/Xv70fNNXC2IErGY=","c6rS+EesoTkpLJyrdkPOt3oJ5uJvGGolJU9F5cjhiCM=","I36rxXxJiNbJdsNyC+oXYw7DOWL56euACHpwe8cbwXM=","c2yptPbADwjk6JmCGTBLaLKThwZCm3YCECm+AtTTZqk=","YAPaVouSvuHXwWV5XPXHVq6TUoSNdjFRNY6nwUymvBo=","xJo/T+aDm7R6wJAZNLDEkL/ON8SOx8Zz4+g0Q6nS2M4=","6rsO57X5aJG6wHboUSIAI4IccAzOsk1TmRm6286N5ZE=","B/8Ud/rICHIgpGAjkZAg/vlrWlumoYnsLzhMrf06+g0=","18WG9EKwkqVv+hoxFAJbvsZuFE3MpD6eQsAF6nev4ZU=","EHhvJNxoA4xIo5YNHVbId6E1LmjQUORgKCTL1mwd8YA=","y5tQ+d8C4/G7sAsNrvTEC2aapBc8k9Me9DgdSAZcijM=","wYDQktMacOhV23fKN+WYU3TP5A5mK8+YIX61vz6AqkI=","ExtGBR3LIUWFmCJn4XB8O28AVeHTNKc2N6QVbF4XxEE=","2lZVrTixux3ePhdOrp6AtJ4Gwp/hZutiLc6cIgVp/O4=","ZONXeC/pch6HM+GpI6CoQyaESvm/CUA9vsa3BscAo5M=","VKIakvQr4wQymIBWFV50k9sxKMmaTTqE/gRQtUYhGXo=","FfEPebPG2BDDk2gJAsptyK34l8P32xMXUPF3xT8aMWI=","MsMIckF6IjFuQOQib/uDww83EHBC8n7Xd7LeBQ4kFs0=","Va9bay946oMj0UaqHRu5puOycHymvuGqlvGO/iNK1a0=","q7DcNhH+KEeYwrIZTCxDq80aslBEzlBFvScLQB0JsKI=","1V/yZG5cCwu7Bl31th7/y1AFnRkMy+fvRmbqmLuYJ00=","d/ue3iRS3TXCiQ3fvGtEESDGuctKEoa1iE2XtrIgVig=","KiID1EIBEeE5wutxyr6Q2T2G3ZxFvblZZRn7zmMmTIc=","pG7f6kkQFo07VibApDZrYWVVx21DEqNtlbaaS9esd4I=","MumRYQYQ6l5dzEIaFl+WGb66Ricl7nceeHPvwczrSq8=","M/Iv41OwWFXl/3u3gHmGEaYFpG7Uc1LSLQYesKPqXiM=","ID3x8vrNU99tqDpnSjUzJ/B4KDEu8QuSm4GDEP+KP7U=","j+kmBU9lyDnYpLa/aQu67eQKtFYs54MPgbknpPErUo4=","X/lmlIofFvTi7mfJar3sdqxaCC7aAYYMvuy7COSepHw=","Br5HLQRFkCw629NiSF22TEYtMiHkx0NsiWdct2/48Fs=","kolLyaPZD0v4rtSvSu64wNjVSVMkrCEsWMcMyez4mYA=","LehP/zSXG8+RVFgMe3LaaZA1iBtxEYGu4ri094O1t5c=","Z1B6NdLXdiHhtDTWtdiG9/yOhkdjj/o223zAFzouKv0=","F5CpQ3gejzxjsfEGXXdF+m/IetX3IuQ+z/rt3KnBS+s=","+2jMJz4y1BQmgTyADHCeSlVtpF4lI267hsf/xVP2/5I=","ceDzE8YJeTt2xTxTTMnlQjklKT1kKR4YDZd0FO5/rgo=","tgmR3jtpnyNDDxcFGhdvSXMUCAZNNuRtM1LFZSuVQzA=","UuB9odtHnYA1+2nqJ1YO30peUYkqNPTTEmeVrLSrZGc=","InFms+4ca3VB0lNbDNlmOKqcsb9XZnAPzrXVcEBL7h8=","nPW0T1N3+F0RPWS/dSmKHDI2QMdxmusPVCoQpcdzN8Y=","oLM4exQdU7mQIHE3ye++slxFu+13/2WEi5J4BEnVNXI=","7DcP6btclPtFQ1samqdPiqn3l+XI7uyoXgZ+QTmHuXw=","Jf6eHmg1QH7pLQqLl8jnP8U+pZ1UaFsbTwnIm0L/fd4=","ah8OlpZa8JzgnGr1K8rIQQjy4RIWLkx/Fo8KjmONvyQ=","ZEt3IbhP8t0kNNakogzShnU9kyooBNjtk2WA4/urLFY=","Y9vWgBu4R7enjspiIxsyCuXj+pudLLNSqHXzpgyD+NU=","w98DGEqb2LrbLv9npZhX0x+l04ZPKwUsuC2cCSxSrqA=","AFfmAEmPpILBC0rNzxup/2tlv2zm6nN9iN5GnLfQWp8=","3c76j+4ZxYZ97I0ler5Y/MDxkiSLAnRRjpNoVDhttug=","QeK8sizlF5SWzS5XiXxJa1bS72oqD3qIgpmVxXmxb2c=","Gfp5sXUX35cmoc1//sfmQ66VtVDuPTQEvpC9h+7OTdw=","ZnNkJkFvTNmhhImMoshfXZumNoZEhnLRKliAloD0uhc=","IAVK4Sznf9lf9BMTZR5po22yQMfzYblD0scnCxT1sGw=","ju4P2i/+zCGbGFMVoQqBu4Hc9hDxIVAgbvgiYK37PHk=","ej/SKv9jFch40Ynoa9HYCS84jPlQ9ab13lrES+7OSxU=","iWnFPYnumxff1nBSMvm40EL3vwhC6r8onyBvqk+297I=","nNGG/PrJxgZxusnyfWqqwo8a1WA4WU+8IqR+zQHqWQw=","myKp2LEmoywwKzwR2x8G3tdPoRkdQqjXsTwdLBxqq8k=","vqluM9lZJe6fWrzFxDXvNJnlE8KpRn1qmYBlVYNig1w=","7x3FD14R0tKOJxzxX8TnpIOOTmBIBbjrsC57pXglPK4=","fu0UL+NdxHR2rztrPc9W/L4pY3jObRAjOcXVrNmm33A=","dSITAmsycceJbGW5Qri26bKe6cCIjip6ULLgQzIWE0w=","5lRBSF43YquENOtYk25zjq7ptSzYgPPkigqnhUVxYA4=","03ciGbeUELd/ep6iwd+PfTaKC+kCVvTXrMOPIXTN9WM=","XnzFJL6995g8dMsm3rGlzbpYZRuRlvd2w/j1AcWVSlI=","gzrMjSsxdgEVUzYapzNF0cdyxSsPecRa8C1fJVDe35c=","q5qzWnb4SnqPg08ClkJa0yS+0b1gdRC9K1QcMw8zoGQ=","ZjBDk8OlKKmmhdoCywd7KZocBLAnlh4T3lBD86wQNps=","vL55lsZfp+G4gJr6LcsHz82Z/saPTxaXXZnH4OrkdG8=","fgfdltEArssFEgRClUjpvpCWZjFpZT1CWT/DrJJ0SZA=","EeoeDGqWCtoobDfaMDVNoiQN494vQ+dyQmHeKGS9Qv4=","YfIMSQ8BsGfFTuzPMoWMjcI/drq1DVbjTG7yqs7hRPo=","+qZUKauoj9w4GCczz9/xwOvH+Tmt7YcxMuhJPVFUmoI=","nHiTRoA91Mn0TprjOVWZ67eNXN4LFz2g7dPvfg+a38Q=","hPxCP1N/wqgHWwDx7olOsvufkMgp43xlQV8vIfLBOjk=","AMnylgql3ZyZMOnE2txstx2YJxd3N+P5NFvVI9I344M=","w7/UhK7McS424Q0fBxtxZNcaFhUdIc9xpcwhr1otGv0=","mupoH4IGVSG99uagdkeHWzWT07rUbzrMg1QiQqbZLJQ=","W+o5YSDuXMq2EbX+CnOaAuGSDVVvzNTKqWS+Bf83quI=","TpIXuLpJcLmzz8pQ06RmZNcUYAyDc6xED8cvJklCRLk=","x1f6sy0u4Hm6pbh37U+FMPHdA4zpV1CnXZksmgRpt8c=","Z1gK4ip/t8Xhu7HMTYQATi1/ODBFkqzGp7X1nzwz2CE=","norzs4ZN8oADaQK2OJTcX5jEZ40X4bNQHETzE0wYlgk=","CWyNWyJ9ng9GQs0AkysDguAPBPqfkmpS1DudsyLE3+M=","ZLYv7h7rjC/0ocBfzsOzeOsv8kzmjQ/oocn659oyCw4=","ZQHnIsT28ihN5RRdKi3HONHH2A2AJLTi7aVjHtKQkgs=","k47s7adkXA5ZrmlIhCE1yNOr7lxnV+7ZjGgCE4IJY80=","WeMIAEe10KfVVJEYOroI39TOtwRVzOQfjqR2wvEx9Ws=","jtYAGr3Sx+bIh5Xq3YinZYP3jmOZ4r1fRNC5heOs9ps=","76n4okc4sE1u03AQcydbOUUfNtnYWgOAd/yFTY3oiTQ=","1LGzuHxM/5fWjWQiCu6/cRTjgdgoUfhRGVtmcuErbCU=","841J3oUXIhy0kmTrF9ovrs8yxsF/F0/NGZiIn0r7avs=","DN82AOL9ap+dOppV5VbzPt2I873YBjeL3QoCD7h86gs=","yKFPtlFSxgRloN0hg1TtaSN5iz1P0KlzDyrMFogVdcE=","FWzyPWWx8hbfVIXaBa0rh0cSpv/SBG4TpQu1z06p+0Q=","+TUg1EvNXT5EXdXGBHpjZUZJ1hTQyU+vPcwhhymOXJc=","4/kyx0mAz8a1lUcJmCrAht3RlYTKK4nUMIlYZJUEyCo=","dtw9jKg2UK+k7Z7lReKECOLe0hfT2zyj8XiENougJzU=","XR3pSrFY5mqTMYtmevFyoIIQtq6ZWujN2Z0vc0QEQMI=","9TjdU/D4ZpM/+VUl5dxf4K4NvKvJRj2EXtKdECPR1AA=","0JpPnGeGH6k+iM8vj87VaMeW7u6ejbbMVFc8YwSAx2E=","McU9x1qXmNoDnxszZ0qoCn8ONQnQQWVBh6ZIzH+qPS8=","peTntlPKq+IpLM8dzd/pBqH82JFPasgHsYHj03HRxQ0=","i0PIbitnIrxy7kNbN2Lv/SuP7YP4meq0EBt/DA1jhCM=","ifZrstQHCqmHZYnXK1ZjYrNC+UOJRmFetgO9yxpuGNk=","MfXCsAUYnUPk3WAJbljh2+FXrxCcS5sjA9nxR393hqM=","mqxhVHlSij7LuKCyLl9dzfE/2vGPBWPRmch1x0un4PI=","95xZSXXJQ2V9mOdRzubs1p8AXnygneAGvitQ5vg6nQA=","9p/BmFrja1Lu8EYl0R/bcdfHIJN60ORjjQxEx+sG6yg=","QzKIKe3STFNcIwwRbeaoZ/rUaMmB+6pnbk2WkRMfX/0=","W/5QEl37Dnh33qH+pKJGjTzLX4kUu/MDxxKC0fqwkeo=","5wdxWNqeUF81DNDKuxoT2yUhSiMKtCa+jbZPOtVh1/c=","KUJoYnIflDcpYEOAiaxpawp9E2qlEYIlKeY60xwL1w8=","TqLJOxA2p6GLfTt1WTMtXNjNLi/+Nalilh/ElkudDLg=","dYvMexKXiebTJL50c0+uC2CSCYJJ5+Yu7oLT4ZraHCM=","FkIFED/iC80U2rmI/+1Pt3YHAJfdh02knswYIVYFIfQ=","yw2goFdtikJYYZCEiw1KmftYanVJxMFIkX+EQfMdiL0=","g3lzIoKqUHGHsDsQBBEvXq/GXL7Q/AVWXpczMlRgoZI="],"block_size":4096,"path":"src/libs/tex-svg.js"},{"block_hashes":["xekY+7ZchzIInVNinOTANnoTkvhGp+D9HYOAhK+XHLM=","Mlfflnet/nXBP1JfC+wCFIpWtFxg7h+9I2NkupH253U="],"block_size":4096,"path":"src/popup/popup.css"},{"block_hashes":["US7T70Tu/UmFURax7CqUro3S4Fu+Kd0akjLlP8YMM2Q="],"block_size":4096,"path":"src/popup/popup.html"},{"block_hashes":["V57hlc8dZ0khZ39Ug20O6UHCiIt8pFNXF+CW6mCFRTA=","w+dmq38L5e7xshcvaFlVQfGt9xn9oQNPwWyAZ59sprs="],"block_size":4096,"path":"src/popup/popup.js"},{"block_hashes":["zoSZnPlAClSaMhIINmsMBJLbnToHBJicCvSYzUNIG/I="],"block_size":4096,"path":"src/run.js"},{"block_hashes":["BOXIduGLAPnpDTmevNs0DvYK1D1lZEjVli6N7UQi4rc="],"block_size":4096,"path":"src/settings.js"},{"block_hashes":["s8x2ljsk4LeeweFwg+jyc31PbokaX3dtRsKMTizzBcM="],"block_size":4096,"path":"src/styles/chatgpt.css"},{"block_hashes":["9KOpYPWbhJ/Utlnfb40z/1oJtxlw42fBUeVgva5bmyo=","SfufyVZCY0UV8WwTFXesUdlKCHblR36kgaH1JiFFtWg="],"block_size":4096,"path":"src/styles/panel.css"},{"block_hashes":["T2vlR1jHCjvYZy3Tsynkj+uzxEA+LCWj7AJUDBT8p1Q="],"block_size":4096,"path":"src/styles/sunburst.css"},{"block_hashes":["UCRtulTHihs1w9IC3hwMi+2kbaqXlueJoFFVLff13Xc="],"block_size":4096,"path":"src/styles/tomorrow.css"},{"block_hashes":["YeViFMaa7LCZuvIR0QdzTprxTxr8LTSUIjMy+6yJ9UM=","2aaHRqyNOXFU0KQUaBzeFk5kOe+aXCIyrQb5dEL+4Zw=","Zk1cmJmxFawQqhnJtVJG/AlQg2DOJhMKjApzySzkX40=","LebwqjMZ8rFZzNN91bAOyZg0F25TD/j+5XBObsYnvCY="],"block_size":4096,"path":"src/utils.js"}],"version":2}